Statement,Suggested Answer,Trainer Explanation,Discussion Prompt
"AI can think exactly like humans.","False","AI can produce human-like outputs, but it does not think, feel, or understand exactly like a person.","What is one task where human judgment still matters?"
"AI always gives correct answers.","False","AI can make mistakes, invent details, or miss context even when it sounds confident.","How should we verify important AI output?"
"AI can be biased.","True","AI can reflect unfair patterns from data, prompts, or design choices.","Where could bias affect students or teachers?"
"AI will replace all teachers.","False","AI can support planning, explanation, and feedback, but teachers provide context, care, judgment, and accountability.","Which teaching tasks should remain human-led?"
"AI can help create lesson plans and quizzes.","True","AI can draft useful materials, but teachers must review accuracy, level, and alignment.","What should a teacher check before using a generated quiz?"
"AI only works with text.","False","Modern AI can work with text, images, audio, video, and documents.","What classroom materials could multimodal AI help with?"
"Longer prompts are always better.","Partly True","More context can help, but unclear or overloaded prompts can reduce quality.","What makes a prompt useful besides length?"
"If AI says it is certain, it must be right.","False","Confidence in wording is not proof. Important claims need evidence and checking.","What clues show that an answer needs verification?"

