Example,Display Type,Answer,Reveal Explanation,AI Concept
"A chatbot writes a three-line summary of a textbook paragraph","Chatbot response","AI","The text is generated by a language model from the input prompt.","Generative AI"
"A teacher draws a poster on chart paper for the classroom","Image","Not AI","The poster was manually created by a person.","Human-created content"
"A music app recommends the next song based on listening history","Recommendation","AI","The system uses patterns from previous listening behavior.","Recommendation system"
"A calculator adds 456 and 789","App output","Not AI","A calculator follows fixed rules and does not learn from examples.","Traditional software"
"An image is created from the prompt: a classroom on Mars in watercolor style","Image","AI","The image is generated by an AI image model from text instructions.","Generative AI"
"A student records themselves playing piano on a phone","Music clip","Not AI","The clip is a human performance, even if the phone stores it digitally.","Human-created audio"
"A phone unlocks after recognizing a face","Device feature","AI","Face unlock commonly uses pattern recognition to compare facial features.","Computer vision"
"A spelling checker underlines a typed mistake","Writing tool","Partly AI","Some spell checkers use simple rules, while newer writing tools may use AI.","AI vs rule-based software"

